"","Number","Auth","Reviewer","FirstAuthGender","FirstAuthStatus","RevGender","RevStatus","Score","Confidence","SubmissionLength"
"1","rT8Md","SAIyXEasj0n6XOV4IRc1","bAXugvlxg4vxEbATvoa1","M","Faculty","F","EC",2,4,"short"
"2","rT8Md","SAIyXEasj0n6XOV4IRc1","F0q6oq7qnR74xYuIiWw2","M","Faculty","M","Faculty",3,4,"short"
"3","rT8Md","SAIyXEasj0n6XOV4IRc1","MVmn8qCrNFBDQTO4FO6Y","M","Faculty","M","Faculty",0,3,"short"
"4","p56Yv","BfpApTaQTwNoybr6RnpK","v29BmcAF12g6wywqxnNO","F","EC","M","Faculty",2,4,"long"
"5","p56Yv","BfpApTaQTwNoybr6RnpK","nYqjQlMFQALJJtXK1FJU","F","EC","M","EC",1,4,"long"
"6","p56Yv","BfpApTaQTwNoybr6RnpK","bAXugvlxg4vxEbATvoa1","F","EC","F","EC",1,3,"long"
"7","p56Yv","BfpApTaQTwNoybr6RnpK","oTCK8VRmycEJnPtNCB6P","F","EC","M","Student",3,4,"long"
"8","M3uV4","CW8bPM5gMKrr3UCFJP6r","uQAl1cAj9GAxNpbsWPQH","F","Student","F","Faculty",2,4,"short"
"9","M3uV4","CW8bPM5gMKrr3UCFJP6r","N0FFgNuwjrLB2eyEVSKm","F","Student","F","Faculty",1,3,"short"
"10","M3uV4","CW8bPM5gMKrr3UCFJP6r","ae3oNPanfWQl3BgdYsta","F","Student","M","Faculty",1,2,"short"
"11","iFlT4","ggWlcMNJYll0iDdUUJc7","bAXugvlxg4vxEbATvoa1","F","Student","F","EC",3,5,"short"
"12","iFlT4","ggWlcMNJYll0iDdUUJc7","pNY4cVfJhHcmXJrj2ruY","F","Student","M","EC",3,5,"short"
"13","iFlT4","ggWlcMNJYll0iDdUUJc7","UTKDWoHEJlGKfEqGD8up","F","Student","M","Student",2,4,"short"
"14","vRKQj","ViK19FHXxMBwTtGP2bOe","mueb7UBIVqjXqxPAbBkb","F","Faculty","M","EC",1,4,"long"
"15","vRKQj","ViK19FHXxMBwTtGP2bOe","hHnsxWWCtQlqwq4NnycR","F","Faculty","M","Faculty",2,4,"long"
"16","vRKQj","ViK19FHXxMBwTtGP2bOe","jm4BSRAiyrGHEoFAAJ3F","F","Faculty","M","Student",3,3,"long"
"17","uq81N","RTJlyag6MA1bhd4wknd2","nLuLLS5d42YUpDly2dqv","M","EC","M","EC",2,3,"long"
"18","uq81N","RTJlyag6MA1bhd4wknd2","tUEC3QoPVYEixTYMHWWe","M","EC","M","Faculty",2,4,"long"
"19","uq81N","RTJlyag6MA1bhd4wknd2","9dE1l21C8LWQf0414u8J","M","EC","M","Faculty",1,3,"long"
"20","AIurM","TLj1jGDIGLlQ1wVR8XVP","oG60h9A9hjPRefXLkab1","M","EC","M","Student",2,4,"short"
"21","AIurM","TLj1jGDIGLlQ1wVR8XVP","ERFLjdeBm6jA8APhBedp","M","EC","F","EC",1,3,"short"
"22","AIurM","TLj1jGDIGLlQ1wVR8XVP","fJvvUePkDAR832kGPp3l","M","EC","M","Faculty",3,4,"short"
"23","AIurM","TLj1jGDIGLlQ1wVR8XVP","85lMOgG2qDjBWEgKGPYf","M","EC","F","Faculty",1,5,"short"
"24","3Ruy7","WmjcUblVwpAY0WDKti7o","nLuLLS5d42YUpDly2dqv","M","Student","M","EC",0,4,"short"
"25","3Ruy7","WmjcUblVwpAY0WDKti7o","f7xNq7Ft1SlgPGFI8fQQ","M","Student","F","EC",0,4,"short"
"26","3Ruy7","WmjcUblVwpAY0WDKti7o","TlSv3Ib8XT2j0VlgwT9s","M","Student","F","EC",1,2,"short"
"27","5gU8K","KCdfhqbsrwCHPUEGbX2E","FjfCJBJdBGPmN6827bcV","F","Faculty","M","EC",2,4,"short"
"28","5gU8K","KCdfhqbsrwCHPUEGbX2E","bAXugvlxg4vxEbATvoa1","F","Faculty","F","EC",3,5,"short"
"29","5gU8K","KCdfhqbsrwCHPUEGbX2E","3rTXjEEbU32iEdxB37Le","F","Faculty","M","EC",1,3,"short"
"30","2XSt1","GIqmoWCPg8K9QhmgtGhU","vi6X4pA4uuUDOKfjXmJW","M","Faculty","M","Faculty",2,4,"short"
"31","2XSt1","GIqmoWCPg8K9QhmgtGhU","NqIkbSdYwa1br0CkCwEd","M","Faculty","M","EC",0,3,"short"
"32","2XSt1","GIqmoWCPg8K9QhmgtGhU","SmmXSKDxrUoUkFuooPDJ","M","Faculty","F","Faculty",1,4,"short"
"33","jj79m","24tyveifB8782jXGQmJn","MNNgg2cRgF1HFhHUvno4","F","Faculty","M","Faculty",2,5,"short"
"34","jj79m","24tyveifB8782jXGQmJn","bAXugvlxg4vxEbATvoa1","F","Faculty","F","EC",0,4,"short"
"35","jj79m","24tyveifB8782jXGQmJn","v0Odj3cdqnJu2cxoc1cl","F","Faculty","F","Faculty",2,3,"short"
"36","RDaT4","oCGpHVhxfpWhBnmFgu1V","mynPEEw7CDg9ukgcoyas","F","EC","F","Faculty",3,5,"short"
"37","RDaT4","oCGpHVhxfpWhBnmFgu1V","tVa1TELqGXghTushRDjI","F","EC","F","Faculty",0,5,"short"
"38","RDaT4","oCGpHVhxfpWhBnmFgu1V","QA0Vtx5HUmsBYQnBN0cA","F","EC","M","Faculty",2,5,"short"
"39","WiJ7I","jRj1e0IT9amGPvlRxPJR","2AWi477TlAS8I7Of4Lt7","F","Student","M","Faculty",1,2,"short"
"40","WiJ7I","jRj1e0IT9amGPvlRxPJR","IRc34fKPoTCKhhVrbqS6","F","Student","M","Faculty",3,5,"short"
"41","WiJ7I","jRj1e0IT9amGPvlRxPJR","cr5iUuWUeXOLahKIgIJr","F","Student","M","EC",1,4,"short"
"42","6kAvp","RTJlyag6MA1bhd4wknd2","jKoo2yS1hA7N4liko2cK","M","EC","F","EC",2,4,"short"
"43","6kAvp","RTJlyag6MA1bhd4wknd2","lgbkJxfIbvFvKpKyU9vc","M","EC","M","Faculty",1,2,"short"
"44","6kAvp","RTJlyag6MA1bhd4wknd2","5ORt4GTGIV4MpQ8SD26C","M","EC","M","Faculty",2,3,"short"
"45","g6i2e","B2NJEEequFSW565Yslla","F0q6oq7qnR74xYuIiWw2","M","Faculty","M","Faculty",3,4,"short"
"46","g6i2e","B2NJEEequFSW565Yslla","XGV2X06Pw55GCmrLM2k6","M","Faculty","F","EC",3,5,"short"
"47","g6i2e","B2NJEEequFSW565Yslla","yd7YHtlvA3vGxTLv9cMK","M","Faculty","M","Faculty",3,4,"short"
"48","0Yjti","HbEr40GO2fqdi0U95dQQ","KJRiWHUyPB0MuJlIO1IF","F","EC","M","Faculty",3,3,"short"
"49","0Yjti","HbEr40GO2fqdi0U95dQQ","M49PYihUp8Xr1eC3FRbW","F","EC","M","Faculty",3,3,"short"
"50","m2hi1","60x9prM35jQ1EjNEH7fr","StiK3jq1GtE6jPayOySd","F","Student","F","Student",2,5,"short"
"51","m2hi1","60x9prM35jQ1EjNEH7fr","QA0Vtx5HUmsBYQnBN0cA","F","Student","M","Faculty",1,4,"short"
"52","m2hi1","60x9prM35jQ1EjNEH7fr","cYNJWVSxLoH3KiGk5QKA","F","Student","F","Faculty",0,4,"short"
"53","RPlDM","IYJihrwyVlrruxQU48FG","jGimnPs8bORMSHLKeW4j","M","Student","M","Faculty",1,4,"short"
"54","RPlDM","IYJihrwyVlrruxQU48FG","tW2K2NkQLKbvQXgppQKY","M","Student","F","EC",1,4,"short"
"55","RPlDM","IYJihrwyVlrruxQU48FG","FPumUgGia02VwAclXwKn","M","Student","F","Faculty",1,4,"short"
"56","56ee8","vFexTkfGVitQhEcnPFr0","GdD2sKr4OjRj3IOObsqt","F","EC","M","Faculty",3,5,"short"
"57","56ee8","vFexTkfGVitQhEcnPFr0","uUP33FxqPMQxwEYB4Dul","F","EC","F","Student",2,4,"short"
"58","56ee8","vFexTkfGVitQhEcnPFr0","tVa1TELqGXghTushRDjI","F","EC","F","Faculty",2,5,"short"
"59","oLu6O","31iR1b5jmiUmfJJvaDpw","bAXugvlxg4vxEbATvoa1","M","Faculty","F","EC",2,3,"short"
"60","oLu6O","31iR1b5jmiUmfJJvaDpw","3gEYg62tLAJ0t8tJ4uQX","M","Faculty","F","Faculty",2,4,"short"
"61","oLu6O","31iR1b5jmiUmfJJvaDpw","CVTs8mF4XVilMVQUuX83","M","Faculty","M","Faculty",1,4,"short"
"62","jHE2b","SyXawHDwR1PLWPbvXGNW","bAXugvlxg4vxEbATvoa1","M","Student","F","EC",1,3,"short"
"63","jHE2b","SyXawHDwR1PLWPbvXGNW","oqXKfrv700Rmm0fPAckS","M","Student","M","Faculty",0,4,"short"
"64","jHE2b","SyXawHDwR1PLWPbvXGNW","uh1OJu6cdI9VhPuMos7L","M","Student","M","Faculty",2,3,"short"
"65","3P3Ol","BintPVOU1nxWQV0PmemS","Cg2eKwG8FL1clD8xcXjg","F","EC","M","Student",1,3,"short"
"66","3P3Ol","BintPVOU1nxWQV0PmemS","w6bUO6cI3JAGoyh3hv4p","F","EC","F","EC",1,4,"short"
"67","3P3Ol","BintPVOU1nxWQV0PmemS","NqIkbSdYwa1br0CkCwEd","F","EC","M","EC",1,4,"short"
"68","NTqEb","eNxi1dlH3d7rgErHX7fJ","wxgJ2tkd8LOBMjqbifSD","M","Student","M","Faculty",1,2,"short"
"69","NTqEb","eNxi1dlH3d7rgErHX7fJ","xsX66SMtw9c2c26SeEUK","M","Student","M","Faculty",2,2,"short"
"70","NTqEb","eNxi1dlH3d7rgErHX7fJ","824ptRA0sbks5pfX4SgW","M","Student","M","Faculty",0,2,"short"
"71","Uoe0b","TLj1jGDIGLlQ1wVR8XVP","dulPo2kdHOsFrLC5Aceg","M","EC","F","Faculty",2,3,"short"
"72","Uoe0b","TLj1jGDIGLlQ1wVR8XVP","CVTs8mF4XVilMVQUuX83","M","EC","M","Faculty",2,4,"short"
"73","NDetl","l2DuQSW2w3WBKVyFxfoX","hJFN5jbVgh7k5Q5UJjAP","F","Faculty","F","EC",2,5,"short"
"74","NDetl","l2DuQSW2w3WBKVyFxfoX","uRkPS5xYpwlINJDK96sB","F","Faculty","M","Faculty",3,4,"short"
"75","NDetl","l2DuQSW2w3WBKVyFxfoX","SmmXSKDxrUoUkFuooPDJ","F","Faculty","F","Faculty",2,5,"short"
"76","ucDY5","40KtHbu9t9y6DSp6tOEd","wxgJ2tkd8LOBMjqbifSD","M","Faculty","M","Faculty",0,2,"short"
"77","ucDY5","40KtHbu9t9y6DSp6tOEd","y88qBv68RKalscFUsMOE","M","Faculty","M","EC",1,2,"short"
"78","ucDY5","40KtHbu9t9y6DSp6tOEd","tW2K2NkQLKbvQXgppQKY","M","Faculty","F","EC",3,4,"short"
"79","yAC4Q","IsYEPGsnS3El1m43EL0Y","fsKosWnnJfxTiwRWuysw","F","Student","M","Faculty",1,5,"short"
"80","yAC4Q","IsYEPGsnS3El1m43EL0Y","uRkPS5xYpwlINJDK96sB","F","Student","M","Faculty",2,4,"short"
"81","yAC4Q","IsYEPGsnS3El1m43EL0Y","SmmXSKDxrUoUkFuooPDJ","F","Student","F","Faculty",2,5,"short"
"82","v4OcC","XofOEYBE5WjW4ICM52CD","svCa3uSRCVGreAEU3vNY","F","Student","M","EC",1,3,"short"
"83","v4OcC","XofOEYBE5WjW4ICM52CD","20rGYkw1kxAMrSltUFF5","F","Student","M","Faculty",2,4,"short"
"84","v4OcC","XofOEYBE5WjW4ICM52CD","SmmXSKDxrUoUkFuooPDJ","F","Student","F","Faculty",2,4,"short"
"85","rRbAj","2JuBjpAQPfWXp7EKrWrX","kSHGmm8Mwn3lXcaheYxU","F","Faculty","M","EC",2,5,"short"
"86","rRbAj","2JuBjpAQPfWXp7EKrWrX","e4w418RBEpOb77YvnQmJ","F","Faculty","F","Student",2,3,"short"
"87","rRbAj","2JuBjpAQPfWXp7EKrWrX","BiMUu983jVnMoilBSLHv","F","Faculty","M","Faculty",2,3,"short"
"88","9hSXH","gTcLVonjPxQJ3pUkuDCp","v29BmcAF12g6wywqxnNO","F","Faculty","M","Faculty",1,4,"short"
"89","9hSXH","gTcLVonjPxQJ3pUkuDCp","KJRiWHUyPB0MuJlIO1IF","F","Faculty","M","Faculty",3,5,"short"
"90","9hSXH","gTcLVonjPxQJ3pUkuDCp","9UxeetTUuRwhFwRCkOcb","F","Faculty","F","EC",1,3,"short"
"91","2WAlk","eFTe7dGdP8x0Yo2qDbCR","IdwEr74bPM6VmANi0WBe","M","Faculty","M","Faculty",1,5,"short"
"92","2WAlk","eFTe7dGdP8x0Yo2qDbCR","5BGRdBE3vw79pfqjBWSI","M","Faculty","F","Student",2,4,"short"
"93","2WAlk","eFTe7dGdP8x0Yo2qDbCR","824ptRA0sbks5pfX4SgW","M","Faculty","M","Faculty",1,4,"short"
"94","L53mq","nMNTyrYJNuHSWEj7qXSR","wl2uWi8csW4J9ELntqgp","F","Student","F","Faculty",2,5,"short"
"95","L53mq","nMNTyrYJNuHSWEj7qXSR","cFATJELrcDxO4ULY3oGX","F","Student","F","Faculty",2,5,"short"
"96","L53mq","nMNTyrYJNuHSWEj7qXSR","MKynLvRFqaX98KQuDyfa","F","Student","M","Faculty",2,3,"short"
"97","2ie6K","yRxSTbIdysJddRMqT4w6","Y0oCNTNJCYbAh3EO46o4","F","Student","F","Faculty",2,4,"short"
"98","2ie6K","yRxSTbIdysJddRMqT4w6","jxUtNuREHlj5G7FIstRT","F","Student","F","EC",2,4,"short"
"99","2ie6K","yRxSTbIdysJddRMqT4w6","i4luOtPKEMIFHE35BUVI","F","Student","F","Faculty",2,4,"short"
"100","lpB18","Lo8la0yBXv6QuuuDqrmE","yCb3YJWP44BqxqhmjmQN","F","Student","F","Faculty",1,3,"short"
"101","lpB18","Lo8la0yBXv6QuuuDqrmE","3rTXjEEbU32iEdxB37Le","F","Student","M","EC",0,2,"short"
"102","lpB18","Lo8la0yBXv6QuuuDqrmE","8QfP0OL9kj1m6ufuxstu","F","Student","F","Faculty",1,3,"short"
"103","UrrfI","bladnlWGLVgCveDIITQo","7ujDdqkBpFYWPH1lf4Xc","M","EC","F","Faculty",1,3,"short"
"104","UrrfI","bladnlWGLVgCveDIITQo","YSdN1SXARPKOMW5Keyn2","M","EC","F","Faculty",1,3,"short"
"105","UrrfI","bladnlWGLVgCveDIITQo","SmmXSKDxrUoUkFuooPDJ","M","EC","F","Faculty",0,4,"short"
"106","18t7o","t503se9PgN8uYjDN6ALx","ERFLjdeBm6jA8APhBedp","M","Faculty","F","EC",2,4,"short"
"107","18t7o","t503se9PgN8uYjDN6ALx","Tp21DpdXKclE4vQT9Htp","M","Faculty","F","Student",2,4,"short"
"108","18t7o","t503se9PgN8uYjDN6ALx","RGRMSseXJJ8q7r727nc0","M","Faculty","F","Faculty",3,4,"short"
"109","IhqHF","kUTAKqKclkWrsgXdWvBu","HxVNaf952d2MakVMlih8","F","Student","M","EC",3,4,"short"
"110","IhqHF","kUTAKqKclkWrsgXdWvBu","tvylQM2M6CXTaN2sSfXs","F","Student","F","Faculty",2,5,"short"
"111","UypnW","0lafseJdJ6riGkQ24BBc","9VA3lbBoUdgvNQkc4X85","M","Student","M","Faculty",0,2,"short"
"112","UypnW","0lafseJdJ6riGkQ24BBc","fJvvUePkDAR832kGPp3l","M","Student","M","Faculty",1,4,"short"
"113","UypnW","0lafseJdJ6riGkQ24BBc","TvwgTNfvkB0FHgYAkTr9","M","Student","F","Faculty",2,4,"short"
"114","kL873","XL6fbPf0YtxmtePtc4Wl","fsKosWnnJfxTiwRWuysw","F","Student","M","Faculty",1,5,"short"
"115","kL873","XL6fbPf0YtxmtePtc4Wl","TlSv3Ib8XT2j0VlgwT9s","F","Student","F","EC",0,4,"short"
"116","kL873","XL6fbPf0YtxmtePtc4Wl","SmmXSKDxrUoUkFuooPDJ","F","Student","F","Faculty",1,5,"short"
"117","80EWG","fUTvJcWYvsd0CSPJOorH","t8DrqaTgY64JnCcyGWkT","F","EC","M","Faculty",3,4,"short"
"118","80EWG","fUTvJcWYvsd0CSPJOorH","9t9898LUeO0lbFGxjjpL","F","EC","M","Faculty",2,5,"short"
"119","80EWG","fUTvJcWYvsd0CSPJOorH","o4c4Vs3cSogrNjYfq3Di","F","EC","M","EC",2,4,"short"
"120","bOm1Q","abLv3T5H7OaPYvXEBa4Y","nYqjQlMFQALJJtXK1FJU","F","EC","M","EC",2,3,"short"
"121","bOm1Q","abLv3T5H7OaPYvXEBa4Y","fJvvUePkDAR832kGPp3l","F","EC","M","Faculty",3,4,"short"
"122","bOm1Q","abLv3T5H7OaPYvXEBa4Y","hHnsxWWCtQlqwq4NnycR","F","EC","M","Faculty",3,5,"short"
"123","MOkRR","VobKA5buO82LwRqtlSTt","oG60h9A9hjPRefXLkab1","F","Student","M","Student",3,4,"short"
"124","MOkRR","VobKA5buO82LwRqtlSTt","fJvvUePkDAR832kGPp3l","F","Student","M","Faculty",3,4,"short"
"125","MOkRR","VobKA5buO82LwRqtlSTt","xsX66SMtw9c2c26SeEUK","F","Student","M","Faculty",2,3,"short"
"126","gipVx","XbPR6PIFA2oiug354VaG","MNNgg2cRgF1HFhHUvno4","M","Faculty","M","Faculty",0,5,"short"
"127","gipVx","XbPR6PIFA2oiug354VaG","Vbh9BLWSxPONwBKfs8Bm","M","Faculty","F","Faculty",2,4,"short"
"128","gipVx","XbPR6PIFA2oiug354VaG","AXdCW0cO3pkS9tiQTbPe","M","Faculty","F","EC",2,3,"short"
"129","7XQ5L","JIXmF9ufgXY9WM8AEajo","bAXugvlxg4vxEbATvoa1","M","Student","F","EC",2,4,"short"
"130","7XQ5L","JIXmF9ufgXY9WM8AEajo","yo1QG9NsYC85I9mXRFnC","M","Student","M","Faculty",1,4,"short"
"131","7XQ5L","JIXmF9ufgXY9WM8AEajo","SmmXSKDxrUoUkFuooPDJ","M","Student","F","Faculty",1,3,"short"
"132","tHJi9","dr68oM4MfLsLWSmq5HbT","RQ35N5Fs5XIEfqqJmquL","M","Faculty","M","Faculty",0,2,"short"
"133","tHJi9","dr68oM4MfLsLWSmq5HbT","uvAb4Uj92VMh8UHiHG3p","M","Faculty","M","Faculty",2,3,"short"
"134","tHJi9","dr68oM4MfLsLWSmq5HbT","PkbBOttnorCRPfJVJdFR","M","Faculty","M","Faculty",2,3,"short"
"135","b62Kj","dwPQCRhEy6mBGg5PrQ4S","hHnsxWWCtQlqwq4NnycR","M","Faculty","M","Faculty",0,5,"short"
"136","b62Kj","dwPQCRhEy6mBGg5PrQ4S","DMJfsA4vNg6gneVjsJsi","M","Faculty","F","Faculty",0,5,"short"
"137","b62Kj","dwPQCRhEy6mBGg5PrQ4S","SmmXSKDxrUoUkFuooPDJ","M","Faculty","F","Faculty",1,3,"short"
"138","cpnaj","od6xUyedyrpj2YLEuLgY","4k4SmCusqsrMscOrLHdW","M","Faculty","M","Student",3,4,"short"
"139","cpnaj","od6xUyedyrpj2YLEuLgY","m9JKGihepD7Hen2hevHk","M","Faculty","M","Faculty",3,4,"short"
"140","cpnaj","od6xUyedyrpj2YLEuLgY","ug9vrGYRriDRoykuhCtV","M","Faculty","M","Faculty",2,4,"short"
"141","tCIeI","buWRp5RcYEkhPAGVxgQf","f7xNq7Ft1SlgPGFI8fQQ","F","Faculty","F","EC",2,4,"short"
"142","tCIeI","buWRp5RcYEkhPAGVxgQf","9dE1l21C8LWQf0414u8J","F","Faculty","M","Faculty",1,5,"short"
"143","tCIeI","buWRp5RcYEkhPAGVxgQf","PkbBOttnorCRPfJVJdFR","F","Faculty","M","Faculty",1,4,"short"
"144","Xc1vy","oCu9iYrASDSLgUBJ29yH","nYqjQlMFQALJJtXK1FJU","M","Faculty","M","EC",3,3,"short"
"145","Xc1vy","oCu9iYrASDSLgUBJ29yH","dnjoGJgbnJ6G77WpA4uR","M","Faculty","M","Faculty",1,2,"short"
"146","QpaKJ","3XDq1LAC9otFpXpVxEI9","cFATJELrcDxO4ULY3oGX","F","Faculty","F","Faculty",2,5,"short"
"147","QpaKJ","3XDq1LAC9otFpXpVxEI9","16vFwmJYGIhkmLX3HHnC","F","Faculty","F","Faculty",2,4,"short"
"148","QpaKJ","3XDq1LAC9otFpXpVxEI9","FYVSgkicib0RGSO91JyL","F","Faculty","M","Faculty",0,4,"short"
"149","cUbk7","3ost8oqeXYbjhERWXqMC","UMMr4bJh0Vvc6Y3P9HB3","M","Faculty","M","EC",2,5,"short"
"150","cUbk7","3ost8oqeXYbjhERWXqMC","9t9898LUeO0lbFGxjjpL","M","Faculty","M","Faculty",1,3,"short"
"151","cUbk7","3ost8oqeXYbjhERWXqMC","tET3qsihIo3WyfuAg3dp","M","Faculty","M","EC",0,3,"short"
"152","MijKn","s3I2PhjmTNajBPnSnfOR","XpQPr7rXPviwETtXDCop","M","Student","M","Student",1,3,"short"
"153","MijKn","s3I2PhjmTNajBPnSnfOR","XMRFSCnbkcWhu2Fha373","M","Student","M","EC",1,4,"short"
"154","MijKn","s3I2PhjmTNajBPnSnfOR","oqXKfrv700Rmm0fPAckS","M","Student","M","Faculty",2,4,"short"
"155","UlS12","gmUNsYRHxBRn0jLcn4sB","3rTXjEEbU32iEdxB37Le","F","Faculty","M","EC",3,5,"short"
"156","UlS12","gmUNsYRHxBRn0jLcn4sB","8QfP0OL9kj1m6ufuxstu","F","Faculty","F","Faculty",0,4,"short"
"157","UlS12","gmUNsYRHxBRn0jLcn4sB","SdwjFuy7aG5RuNxqOgxt","F","Faculty","F","EC",2,4,"short"
"158","kV5t7","e2ADG2YOiEO4C9Pfbyqa","j2EHf3LFOhaqDNyfbeoJ","F","Student","M","Faculty",0,4,"short"
"159","kV5t7","e2ADG2YOiEO4C9Pfbyqa","kSHGmm8Mwn3lXcaheYxU","F","Student","M","EC",2,5,"short"
"160","kV5t7","e2ADG2YOiEO4C9Pfbyqa","wnDkE08tOtJEDNTa5qa2","F","Student","F","Faculty",3,5,"short"
"161","XSdKW","KsB4QsKR5x6AinxBHCnc","yX7vYjn3eTyeUd9lLm1C","M","EC","M","Faculty",1,3,"short"
"162","XSdKW","KsB4QsKR5x6AinxBHCnc","hVQEWHB1e3EAxbLWRy32","M","EC","F","Student",1,2,"short"
"163","XSdKW","KsB4QsKR5x6AinxBHCnc","oyMTdwMAG4fUovvXeToF","M","EC","M","Faculty",1,5,"short"
"164","J7Gk1","ltOjT5gvkwLtMsGFnuOg","dDnpoxavLOMBjerUKmc8","M","Faculty","M","Faculty",1,4,"short"
"165","J7Gk1","ltOjT5gvkwLtMsGFnuOg","orDJudqJLNa8uUpwaGc5","M","Faculty","M","Faculty",1,4,"short"
"166","J7Gk1","ltOjT5gvkwLtMsGFnuOg","SmmXSKDxrUoUkFuooPDJ","M","Faculty","F","Faculty",1,3,"short"
"167","4JUB6","413Vwb6APDEfBIQupy4t","YfWjhYu1KFFMw74bWeIx","M","Faculty","M","Faculty",3,5,"short"
"168","4JUB6","413Vwb6APDEfBIQupy4t","Nmp7m2QQnWBI3e3d6a7i","M","Faculty","F","Faculty",2,3,"short"
"169","4JUB6","413Vwb6APDEfBIQupy4t","ae3oNPanfWQl3BgdYsta","M","Faculty","M","Faculty",3,4,"short"
"170","HDo6r","KRpXqSX5Pc5BkjCUDt31","ERFLjdeBm6jA8APhBedp","M","Faculty","F","EC",3,3,"short"
"171","HDo6r","KRpXqSX5Pc5BkjCUDt31","bAXugvlxg4vxEbATvoa1","M","Faculty","F","EC",2,4,"short"
"172","HDo6r","KRpXqSX5Pc5BkjCUDt31","5BGRdBE3vw79pfqjBWSI","M","Faculty","F","Student",1,4,"short"
"173","Km0hb","aI28AWa9Idlfa5M7ljlI","wxgJ2tkd8LOBMjqbifSD","M","Faculty","M","Faculty",1,5,"short"
"174","Km0hb","aI28AWa9Idlfa5M7ljlI","9UxeetTUuRwhFwRCkOcb","M","Faculty","F","EC",2,3,"short"
"175","Km0hb","aI28AWa9Idlfa5M7ljlI","F18HuCjVAMOkYQOirUns","M","Faculty","M","Faculty",1,4,"short"
"176","vDoMX","g3sphFvIsSbd2WuMjQKy","dcPWH7OiOb0TXEebDyYy","M","Faculty","M","Student",2,5,"short"
"177","vDoMX","g3sphFvIsSbd2WuMjQKy","tW2K2NkQLKbvQXgppQKY","M","Faculty","F","EC",1,4,"short"
"178","vDoMX","g3sphFvIsSbd2WuMjQKy","9UxeetTUuRwhFwRCkOcb","M","Faculty","F","EC",2,3,"short"
"179","5kCwi","abLv3T5H7OaPYvXEBa4Y","XpQPr7rXPviwETtXDCop","F","EC","M","Student",2,4,"short"
"180","5kCwi","abLv3T5H7OaPYvXEBa4Y","7ujDdqkBpFYWPH1lf4Xc","F","EC","F","Faculty",2,5,"short"
"181","5kCwi","abLv3T5H7OaPYvXEBa4Y","bobOY3w1dgCnvt9isHci","F","EC","M","Student",3,4,"short"
"182","tm8U5","jcs5lgwqSIh6W1sQEEGb","j2EHf3LFOhaqDNyfbeoJ","F","Student","M","Faculty",3,4,"short"
"183","tm8U5","jcs5lgwqSIh6W1sQEEGb","m2jrUcivJYeLvELfWgff","F","Student","M","Faculty",2,5,"short"
"184","tm8U5","jcs5lgwqSIh6W1sQEEGb","A8STfQP3NmLvGgHbKugA","F","Student","M","Faculty",0,3,"short"
"185","F0VNE","1mBmfT3KaUotikS0YddP","MKfbDWLWomI1U7EtFkOs","F","EC","F","Faculty",2,2,"short"
"186","F0VNE","1mBmfT3KaUotikS0YddP","9VA3lbBoUdgvNQkc4X85","F","EC","M","Faculty",1,3,"short"
"187","F0VNE","1mBmfT3KaUotikS0YddP","oTCK8VRmycEJnPtNCB6P","F","EC","M","Student",2,3,"short"
"188","e2sRX","ytBFja1SoQHxpjo2VRMl","L73TrC60hxlno1TwHGay","M","Faculty","M","Faculty",2,5,"short"
"189","e2sRX","ytBFja1SoQHxpjo2VRMl","jxUtNuREHlj5G7FIstRT","M","Faculty","F","EC",1,3,"short"
"190","e2sRX","ytBFja1SoQHxpjo2VRMl","cYNJWVSxLoH3KiGk5QKA","M","Faculty","F","Faculty",3,4,"short"
"191","N8Qj5","TbBejhKAHV6MhQxe5u2f","wxgJ2tkd8LOBMjqbifSD","M","Faculty","M","Faculty",2,4,"short"
"192","N8Qj5","TbBejhKAHV6MhQxe5u2f","29HxDaouiHswtca3UYde","M","Faculty","F","EC",0,3,"short"
"193","N8Qj5","TbBejhKAHV6MhQxe5u2f","6M7y1lDX33NTXur5rUXc","M","Faculty","","EC",2,3,"short"
"194","EciEm","E9D9Btb0JAHfiBaNrnP4","DMJfsA4vNg6gneVjsJsi","M","Faculty","F","Faculty",1,3,"short"
"195","EciEm","E9D9Btb0JAHfiBaNrnP4","VK5D5ydMPCYe9VbGBHQR","M","Faculty","F","Faculty",2,3,"short"
"196","EciEm","E9D9Btb0JAHfiBaNrnP4","824ptRA0sbks5pfX4SgW","M","Faculty","M","Faculty",2,5,"short"
"197","EAv83","Xs8hvVaJg6BpXDgetxdp","FjfCJBJdBGPmN6827bcV","F","Faculty","M","EC",2,3,"short"
"198","EAv83","Xs8hvVaJg6BpXDgetxdp","6kn7QLgTkx1J3HgWXWWd","F","Faculty","M","EC",0,3,"short"
"199","EAv83","Xs8hvVaJg6BpXDgetxdp","8MDVKW3m8cSGQs5OEJ1B","F","Faculty","M","Student",2,3,"short"
"200","YuUUy","gYdMAhlmY0jywVLVsKFt","uUP33FxqPMQxwEYB4Dul","F","EC","F","Student",0,3,"short"
"201","YuUUy","gYdMAhlmY0jywVLVsKFt","6M7y1lDX33NTXur5rUXc","F","EC","","EC",1,3,"short"
"202","YuUUy","gYdMAhlmY0jywVLVsKFt","SmmXSKDxrUoUkFuooPDJ","F","EC","F","Faculty",1,4,"short"
"203","1NR9R","Luv6FRBA6gSm2OBUhK9q","YfWjhYu1KFFMw74bWeIx","F","Faculty","M","Faculty",2,3,"short"
"204","1NR9R","Luv6FRBA6gSm2OBUhK9q","dulPo2kdHOsFrLC5Aceg","F","Faculty","F","Faculty",2,3,"short"
"205","1NR9R","Luv6FRBA6gSm2OBUhK9q","uh1OJu6cdI9VhPuMos7L","F","Faculty","M","Faculty",1,4,"short"
"206","ElYby","Luv6FRBA6gSm2OBUhK9q","N0FFgNuwjrLB2eyEVSKm","F","Faculty","F","Faculty",1,4,"short"
"207","ElYby","Luv6FRBA6gSm2OBUhK9q","6M7y1lDX33NTXur5rUXc","F","Faculty","","EC",1,3,"short"
"208","ElYby","Luv6FRBA6gSm2OBUhK9q","CVTs8mF4XVilMVQUuX83","F","Faculty","M","Faculty",2,4,"short"
"209","Ce11Y","JufxwaTd8kSIRNQk6Vqs","F0q6oq7qnR74xYuIiWw2","M","Student","M","Faculty",2,4,"short"
"210","Ce11Y","JufxwaTd8kSIRNQk6Vqs","Hmcl1yaoo9V7T323CHGv","M","Student","M","Faculty",1,4,"short"
"211","Ce11Y","JufxwaTd8kSIRNQk6Vqs","miwcveDCVkvkPpSi5wGp","M","Student","F","Faculty",2,5,"short"
"212","EKrxg","B7F3IDN1rStSFhlTLOPl","bAXugvlxg4vxEbATvoa1","M","Faculty","F","EC",2,3,"short"
"213","EKrxg","B7F3IDN1rStSFhlTLOPl","cr5iUuWUeXOLahKIgIJr","M","Faculty","M","EC",1,3,"short"
"214","EKrxg","B7F3IDN1rStSFhlTLOPl","TlSv3Ib8XT2j0VlgwT9s","M","Faculty","F","EC",2,4,"short"
"215","19bHM","asMoMQ0dxlDUEwQH9SQF","nYqjQlMFQALJJtXK1FJU","M","Faculty","M","EC",2,4,"short"
"216","19bHM","asMoMQ0dxlDUEwQH9SQF","F0q6oq7qnR74xYuIiWw2","M","Faculty","M","Faculty",2,3,"short"
"217","19bHM","asMoMQ0dxlDUEwQH9SQF","wl2uWi8csW4J9ELntqgp","M","Faculty","F","Faculty",2,4,"short"
"218","FruN9","7kcpwYdprQSGl1HGewuI","R2rIXa2mPBRyPX2RH6Vy","M","Faculty","M","EC",2,4,"short"
"219","FruN9","7kcpwYdprQSGl1HGewuI","IRc34fKPoTCKhhVrbqS6","M","Faculty","M","Faculty",1,5,"short"
"220","FruN9","7kcpwYdprQSGl1HGewuI","WCrldSJAxG9AWnVRB7IN","M","Faculty","M","EC",2,4,"short"
"221","Eu1sd","hhEWDdF6bq2beuWbrdfu","sO2h1hE6afhGuXxgi7sA","M","Student","M","Faculty",3,5,"short"
"222","Eu1sd","hhEWDdF6bq2beuWbrdfu","fsKosWnnJfxTiwRWuysw","M","Student","M","Faculty",3,5,"short"
"223","Eu1sd","hhEWDdF6bq2beuWbrdfu","TlSv3Ib8XT2j0VlgwT9s","M","Student","F","EC",3,4,"short"
"224","g3ldj","iYCwRNPsYvAFpboey3NF","StiK3jq1GtE6jPayOySd","F","Student","F","Student",1,3,"short"
"225","g3ldj","iYCwRNPsYvAFpboey3NF","tW2K2NkQLKbvQXgppQKY","F","Student","F","EC",3,4,"short"
"226","g3ldj","iYCwRNPsYvAFpboey3NF","6M7y1lDX33NTXur5rUXc","F","Student","","EC",2,5,"short"
"227","MEuNQ","7I9iArh8liNVMdankJeh","c34S4NQy93tyTdup8I14","M","Faculty","M","Faculty",1,4,"short"
"228","MEuNQ","7I9iArh8liNVMdankJeh","XaTHxgGtnYNJu20wIL12","M","Faculty","F","Student",1,3,"short"
"229","MEuNQ","7I9iArh8liNVMdankJeh","Hmcl1yaoo9V7T323CHGv","M","Faculty","M","Faculty",3,4,"short"
"230","CmNQx","HqkbQnucHiWX3xoDJMe1","ShmauIQjLrwJs0eYmlc0","F","Faculty","M","Faculty",2,4,"short"
"231","CmNQx","HqkbQnucHiWX3xoDJMe1","NP4II7Yx7NFnTbPfryHB","F","Faculty","M","Faculty",1,3,"short"
"232","CmNQx","HqkbQnucHiWX3xoDJMe1","6M7y1lDX33NTXur5rUXc","F","Faculty","","EC",2,3,"short"
"233","0gfBu","1eiUpyokpc3EjilIhAP7","w5FQKqPebHTHV3xDny5p","M","Student","M","EC",3,5,"short"
"234","0gfBu","1eiUpyokpc3EjilIhAP7","yo1QG9NsYC85I9mXRFnC","M","Student","M","Faculty",3,5,"short"
"235","XA1jY","H2sWKncqPfn3YkyNbSUN","NP4II7Yx7NFnTbPfryHB","M","Faculty","M","Faculty",2,3,"short"
"236","XA1jY","H2sWKncqPfn3YkyNbSUN","qW4HHJ9A828BBT01G4rE","M","Faculty","M","Faculty",2,4,"short"
"237","XA1jY","H2sWKncqPfn3YkyNbSUN","AXdCW0cO3pkS9tiQTbPe","M","Faculty","F","EC",2,3,"short"
"238","JIj9G","8RVkpR1FpD0U0T7hJRsh","m2jrUcivJYeLvELfWgff","M","Faculty","M","Faculty",1,5,"short"
"239","JIj9G","8RVkpR1FpD0U0T7hJRsh","7OItYosEfqe5C3aScjjl","M","Faculty","M","Faculty",3,4,"short"
"240","JIj9G","8RVkpR1FpD0U0T7hJRsh","MKynLvRFqaX98KQuDyfa","M","Faculty","M","Faculty",2,3,"short"
"241","FuY8v","MWobC3GtHrwbT7D8O8H0","nYqjQlMFQALJJtXK1FJU","F","Student","M","EC",3,4,"short"
"242","FuY8v","MWobC3GtHrwbT7D8O8H0","O97d5FfCidBKdqfPNP5F","F","Student","M","Faculty",2,2,"short"
"243","FuY8v","MWobC3GtHrwbT7D8O8H0","6M7y1lDX33NTXur5rUXc","F","Student","","EC",2,3,"short"
"244","FuY8v","MWobC3GtHrwbT7D8O8H0","oyMTdwMAG4fUovvXeToF","F","Student","M","Faculty",0,3,"short"
"245","fhYkK","PYt1kUaJG2pdPYtkdC43","TDbwKLaDCxstDD2PtcWk","M","Faculty","F","Faculty",1,3,"short"
"246","fhYkK","PYt1kUaJG2pdPYtkdC43","GdD2sKr4OjRj3IOObsqt","M","Faculty","M","Faculty",2,3,"short"
"247","feu3i","AOGxN01OcQR2sq7wMBsS","2AWi477TlAS8I7Of4Lt7","F","Student","M","Faculty",0,4,"short"
"248","feu3i","AOGxN01OcQR2sq7wMBsS","6M7y1lDX33NTXur5rUXc","F","Student","","EC",1,3,"short"
"249","feu3i","AOGxN01OcQR2sq7wMBsS","KPWBusIyB7RjFFLDVhJ6","F","Student","M","Faculty",1,4,"short"
"250","wIIc0","e3aS6B5hHahJEEKkf1F6","nYqjQlMFQALJJtXK1FJU","M","EC","M","EC",2,5,"short"
"251","wIIc0","e3aS6B5hHahJEEKkf1F6","vFmY6by101l1LNHPW8up","M","EC","M","Faculty",2,5,"short"
"252","wIIc0","e3aS6B5hHahJEEKkf1F6","MKynLvRFqaX98KQuDyfa","M","EC","M","Faculty",1,3,"short"
"253","SMB1D","MSphlHR53ii9wpjJkgpe","f7xNq7Ft1SlgPGFI8fQQ","M","EC","F","EC",2,3,"long"
"254","SMB1D","MSphlHR53ii9wpjJkgpe","dDnpoxavLOMBjerUKmc8","M","EC","M","Faculty",2,2,"long"
"255","SMB1D","MSphlHR53ii9wpjJkgpe","4hVeBd1CcAKrYiRGBacb","M","EC","M","Student",2,5,"long"
"256","3hoLY","vjnfrLxfm2QYnfR4lJkL","qW4HHJ9A828BBT01G4rE","M","Faculty","M","Faculty",2,4,"short"
"257","3hoLY","vjnfrLxfm2QYnfR4lJkL","G8jvep6xH40UPuXp5xBn","M","Faculty","M","Faculty",2,3,"short"
"258","3hoLY","vjnfrLxfm2QYnfR4lJkL","16vFwmJYGIhkmLX3HHnC","M","Faculty","F","Faculty",0,3,"short"
"259","315vN","HRU49mM5NKo8YSKT50it","c34S4NQy93tyTdup8I14","F","Faculty","M","Faculty",1,5,"short"
"260","315vN","HRU49mM5NKo8YSKT50it","AXdCW0cO3pkS9tiQTbPe","F","Faculty","F","EC",2,4,"short"
"261","315vN","HRU49mM5NKo8YSKT50it","6M7y1lDX33NTXur5rUXc","F","Faculty","","EC",2,3,"short"
"262","Hai1P","m5ir1apB7aWvSIB3KTxT","EIQl3CnDoCF4rxMe82ED","M","Faculty","M","Student",1,4,"short"
"263","Hai1P","m5ir1apB7aWvSIB3KTxT","xpvO1LuP8Q2b7ea2iUXr","M","Faculty","F","Faculty",2,5,"short"
"264","Hai1P","m5ir1apB7aWvSIB3KTxT","oyMTdwMAG4fUovvXeToF","M","Faculty","M","Faculty",1,3,"short"
"265","DyCeg","I7TJUfYVFwdSF4pD4dpF","apP7rXSnNyHANUgW77NN","M","EC","M","Faculty",1,3,"short"
"266","DyCeg","I7TJUfYVFwdSF4pD4dpF","0nviqXJ61JXcT9htThdl","M","EC","M","Faculty",1,4,"short"
"267","DyCeg","I7TJUfYVFwdSF4pD4dpF","UlSJBv9EMPshlixEkMtg","M","EC","M","Faculty",2,3,"short"
"268","ayjqG","4cOENsWndViIfqdb9ynN","ShmauIQjLrwJs0eYmlc0","M","EC","M","Faculty",3,4,"short"
"269","ayjqG","4cOENsWndViIfqdb9ynN","2AWi477TlAS8I7Of4Lt7","M","EC","M","Faculty",2,4,"short"
"270","ayjqG","4cOENsWndViIfqdb9ynN","IRc34fKPoTCKhhVrbqS6","M","EC","M","Faculty",1,5,"short"
"271","AewQE","G5Acku8YyePfaOMjalXI","ShmauIQjLrwJs0eYmlc0","F","Faculty","M","Faculty",2,4,"short"
"272","AewQE","G5Acku8YyePfaOMjalXI","5ORt4GTGIV4MpQ8SD26C","F","Faculty","M","Faculty",3,4,"short"
"273","AewQE","G5Acku8YyePfaOMjalXI","9dE1l21C8LWQf0414u8J","F","Faculty","M","Faculty",2,5,"short"
"274","KViuX","hy9HtrWg68copQyYx9KR","ShmauIQjLrwJs0eYmlc0","M","EC","M","Faculty",3,3,"short"
"275","KViuX","hy9HtrWg68copQyYx9KR","NP4II7Yx7NFnTbPfryHB","M","EC","M","Faculty",3,5,"short"
"276","KViuX","hy9HtrWg68copQyYx9KR","MVmn8qCrNFBDQTO4FO6Y","M","EC","M","Faculty",3,5,"short"
"277","LmBL9","bva1FnwO2i6gyc1bmBKq","6VgEG77SxqI7OVmKAx2d","F","Faculty","M","Faculty",3,5,"short"
"278","LmBL9","bva1FnwO2i6gyc1bmBKq","SG3brDCB6JLU0pP790Kw","F","Faculty","F","Student",2,3,"short"
"279","LmBL9","bva1FnwO2i6gyc1bmBKq","KejCV2DbT0kQhFB0Y5ft","F","Faculty","F","Faculty",2,3,"short"
"280","rERNG","YTMirAUcwVQ2iAPBheUY","6iXCi6heaRdjAan4H0DH","M","Student","F","Student",2,4,"short"
"281","rERNG","YTMirAUcwVQ2iAPBheUY","jKoo2yS1hA7N4liko2cK","M","Student","F","EC",3,5,"short"
"282","rERNG","YTMirAUcwVQ2iAPBheUY","3rTXjEEbU32iEdxB37Le","M","Student","M","EC",1,4,"short"
"283","olW92","HVSyFTXqLwCrPy1M9wXk","GBj8sr66GVCH7OfeaWEm","M","Student","M","Faculty",3,4,"short"
"284","olW92","HVSyFTXqLwCrPy1M9wXk","iQjbVGD4V8j42a7mdbKu","M","Student","M","Faculty",2,5,"short"
"285","olW92","HVSyFTXqLwCrPy1M9wXk","FYVSgkicib0RGSO91JyL","M","Student","M","Faculty",1,4,"short"
"286","DxYys","eoS4gG6H58s33Wm2RxmG","6M7y1lDX33NTXur5rUXc","M","EC","","EC",2,4,"short"
"287","DxYys","eoS4gG6H58s33Wm2RxmG","XGV2X06Pw55GCmrLM2k6","M","EC","F","EC",2,3,"short"
"288","DxYys","eoS4gG6H58s33Wm2RxmG","ug9vrGYRriDRoykuhCtV","M","EC","M","Faculty",1,5,"short"
"289","6DeBI","RfqjIsRgqsQvNIWnhQ0S","1xmoXU3Xx5EUUUy4gLlh","M","Student","M","EC",2,4,"short"
"290","6DeBI","RfqjIsRgqsQvNIWnhQ0S","7ujDdqkBpFYWPH1lf4Xc","M","Student","F","Faculty",1,2,"short"
"291","XOMms","8Dh6s73kdCywioKFRbXO","StiK3jq1GtE6jPayOySd","F","Faculty","F","Student",1,4,"short"
"292","XOMms","8Dh6s73kdCywioKFRbXO","6M7y1lDX33NTXur5rUXc","F","Faculty","","EC",2,5,"short"
"293","XOMms","8Dh6s73kdCywioKFRbXO","o4c4Vs3cSogrNjYfq3Di","F","Faculty","M","EC",0,3,"short"
"294","aWJ1k","BJ3BTXbHF92sYKKqQvNd","c34S4NQy93tyTdup8I14","M","Faculty","M","Faculty",1,5,"short"
"295","aWJ1k","BJ3BTXbHF92sYKKqQvNd","jFGMuEHOmglqAK51BIHO","M","Faculty","M","Student",3,4,"short"
"296","aWJ1k","BJ3BTXbHF92sYKKqQvNd","miwcveDCVkvkPpSi5wGp","M","Faculty","F","Faculty",3,4,"short"
"297","TpvuH","fq3NXltMV8ubrDOgOuue","y88qBv68RKalscFUsMOE","F","Faculty","M","EC",0,5,"short"
"298","TpvuH","fq3NXltMV8ubrDOgOuue","MVmn8qCrNFBDQTO4FO6Y","F","Faculty","M","Faculty",1,5,"short"
"299","TpvuH","fq3NXltMV8ubrDOgOuue","6M7y1lDX33NTXur5rUXc","F","Faculty","","EC",1,2,"short"
"300","ohtoy","ap1rKIp7KldR32PdSjRg","vi6X4pA4uuUDOKfjXmJW","M","Faculty","M","Faculty",1,3,"short"
"301","ohtoy","ap1rKIp7KldR32PdSjRg","oAjpbPqyKqtflk1kaUw2","M","Faculty","M","Faculty",2,3,"short"
"302","ohtoy","ap1rKIp7KldR32PdSjRg","j0jlophk6QojQQbBakTQ","M","Faculty","F","EC",0,4,"short"
"303","BspAY","W91qvNE61TrfA9eQMyjC","TbI5myuegRqVP1fGrNFW","F","Faculty","M","EC",3,5,"short"
"304","BspAY","W91qvNE61TrfA9eQMyjC","hJFN5jbVgh7k5Q5UJjAP","F","Faculty","F","EC",1,4,"short"
"305","BspAY","W91qvNE61TrfA9eQMyjC","XMRFSCnbkcWhu2Fha373","F","Faculty","M","EC",2,4,"short"
"306","gaVDh","eEhT69EnJDU293B8IU1t","9ybgS30ddh23AFRoTJHh","F","Faculty","F","Student",0,4,"short"
"307","gaVDh","eEhT69EnJDU293B8IU1t","6M7y1lDX33NTXur5rUXc","F","Faculty","","EC",2,4,"short"
"308","gaVDh","eEhT69EnJDU293B8IU1t","BiMUu983jVnMoilBSLHv","F","Faculty","M","Faculty",3,5,"short"
"309","OdSSt","Wu82ceHoS4dwbB2Kd7cl","V64vXMpKffCBO8hvpy2M","M","Faculty","M","Faculty",1,4,"short"
"310","OdSSt","Wu82ceHoS4dwbB2Kd7cl","tW2K2NkQLKbvQXgppQKY","M","Faculty","F","EC",1,2,"short"
"311","OdSSt","Wu82ceHoS4dwbB2Kd7cl","PkbBOttnorCRPfJVJdFR","M","Faculty","M","Faculty",3,4,"short"
"312","2xmKk","wcGkC53dpClgxt3WtY8F","apP7rXSnNyHANUgW77NN","M","Faculty","M","Faculty",0,4,"short"
"313","2xmKk","wcGkC53dpClgxt3WtY8F","jGimnPs8bORMSHLKeW4j","M","Faculty","M","Faculty",3,4,"short"
"314","2xmKk","wcGkC53dpClgxt3WtY8F","6M7y1lDX33NTXur5rUXc","M","Faculty","","EC",2,3,"short"
"315","vOR7S","IvRkYrhtfPCCP9lx882w","oqXKfrv700Rmm0fPAckS","F","Student","M","Faculty",3,4,"short"
"316","vOR7S","IvRkYrhtfPCCP9lx882w","M49PYihUp8Xr1eC3FRbW","F","Student","M","Faculty",0,4,"short"
"317","vOR7S","IvRkYrhtfPCCP9lx882w","bobOY3w1dgCnvt9isHci","F","Student","M","Student",3,4,"short"
"318","yXbY5","W3xqp0pxj9FsTvgW7dUH","nLuLLS5d42YUpDly2dqv","M","Student","M","EC",3,4,"short"
"319","yXbY5","W3xqp0pxj9FsTvgW7dUH","4hVeBd1CcAKrYiRGBacb","M","Student","M","Student",3,5,"short"
"320","yXbY5","W3xqp0pxj9FsTvgW7dUH","jm4BSRAiyrGHEoFAAJ3F","M","Student","M","Student",3,3,"short"
"321","ipl6i","wcGkC53dpClgxt3WtY8F","pNY4cVfJhHcmXJrj2ruY","M","Faculty","M","EC",3,3,"long"
"322","ipl6i","wcGkC53dpClgxt3WtY8F","w5FQKqPebHTHV3xDny5p","M","Faculty","M","EC",2,4,"long"
"323","ipl6i","wcGkC53dpClgxt3WtY8F","j0jlophk6QojQQbBakTQ","M","Faculty","F","EC",2,4,"long"
"324","wvHve","uk4nkThWReJUmjInahuf","FjfCJBJdBGPmN6827bcV","F","Student","M","EC",2,5,"short"
"325","wvHve","uk4nkThWReJUmjInahuf","M49PYihUp8Xr1eC3FRbW","F","Student","M","Faculty",2,4,"short"
"326","wvHve","uk4nkThWReJUmjInahuf","cYNJWVSxLoH3KiGk5QKA","F","Student","F","Faculty",2,5,"short"
"327","1avhP","628eSVPnjpuqTxib2aVE","v0Odj3cdqnJu2cxoc1cl","F","Faculty","F","Faculty",1,3,"short"
"328","1avhP","628eSVPnjpuqTxib2aVE","6M7y1lDX33NTXur5rUXc","F","Faculty","","EC",0,4,"short"
"329","1avhP","628eSVPnjpuqTxib2aVE","KPWBusIyB7RjFFLDVhJ6","F","Faculty","M","Faculty",1,3,"short"
"330","mwJnc","n4YqoQMSYJHekjWFe8OC","svCa3uSRCVGreAEU3vNY","M","Faculty","M","EC",2,4,"short"
"331","mwJnc","n4YqoQMSYJHekjWFe8OC","bAXugvlxg4vxEbATvoa1","M","Faculty","F","EC",2,5,"short"
"332","mwJnc","n4YqoQMSYJHekjWFe8OC","RQ35N5Fs5XIEfqqJmquL","M","Faculty","M","Faculty",1,3,"short"
"333","oDDh0","Ya4gwTeyuDp7i5S4EJko","PBD1huuPvTl8MxBdXs24","M","Student","M","Faculty",2,4,"short"
"334","oDDh0","Ya4gwTeyuDp7i5S4EJko","7OItYosEfqe5C3aScjjl","M","Student","M","Faculty",2,5,"short"
"335","oDDh0","Ya4gwTeyuDp7i5S4EJko","cr5iUuWUeXOLahKIgIJr","M","Student","M","EC",2,4,"short"
"336","JbSjc","JvIyN6MDRMaH6aw0aNvB","UlSJBv9EMPshlixEkMtg","F","Faculty","M","Faculty",2,4,"short"
"337","JbSjc","JvIyN6MDRMaH6aw0aNvB","6M7y1lDX33NTXur5rUXc","F","Faculty","","EC",2,3,"short"
"338","JbSjc","JvIyN6MDRMaH6aw0aNvB","6DnlbMSp1spxgMgiCyTt","F","Faculty","F","EC",1,4,"short"
"339","IxlW5","8i3GvpmphYpu5bUADwF1","nYqjQlMFQALJJtXK1FJU","M","Faculty","M","EC",1,5,"short"
"340","IxlW5","8i3GvpmphYpu5bUADwF1","xpvO1LuP8Q2b7ea2iUXr","M","Faculty","F","Faculty",0,4,"short"
"341","IxlW5","8i3GvpmphYpu5bUADwF1","stENOKvCSvMGRcVmDPgS","M","Faculty","M","Faculty",2,4,"short"
"342","kwtDc","JRChMkUjSRVK360Udujo","pk86sb6wvNQlN16oWJgF","M","Faculty","F","EC",2,4,"short"
"343","kwtDc","JRChMkUjSRVK360Udujo","4hVeBd1CcAKrYiRGBacb","M","Faculty","M","Student",1,4,"short"
"344","kwtDc","JRChMkUjSRVK360Udujo","oAjpbPqyKqtflk1kaUw2","M","Faculty","M","Faculty",0,3,"short"
"345","31BNs","yxFB9Uy1mjXfQVPsUbTX","mynPEEw7CDg9ukgcoyas","F","EC","F","Faculty",2,5,"short"
"346","31BNs","yxFB9Uy1mjXfQVPsUbTX","KBUTUhXpOBJ4ysSpkNGu","F","EC","F","Student",3,4,"short"
"347","31BNs","yxFB9Uy1mjXfQVPsUbTX","6M7y1lDX33NTXur5rUXc","F","EC","","EC",1,5,"short"
"348","kpvke","d9PLFV9PwV8vhe4Knouf","jKoo2yS1hA7N4liko2cK","F","Student","F","EC",0,4,"short"
"349","kpvke","d9PLFV9PwV8vhe4Knouf","MKfbDWLWomI1U7EtFkOs","F","Student","F","Faculty",0,3,"short"
"350","kpvke","d9PLFV9PwV8vhe4Knouf","tW2K2NkQLKbvQXgppQKY","F","Student","F","EC",1,4,"short"
"351","JFSe3","h4sfIh1s8dGWwNWmYTRk","T9be2xluJw6Tu9MaAsNF","F","Faculty","M","Student",0,3,"short"
"352","JFSe3","h4sfIh1s8dGWwNWmYTRk","6M7y1lDX33NTXur5rUXc","F","Faculty","","EC",3,4,"short"
"353","JFSe3","h4sfIh1s8dGWwNWmYTRk","miwcveDCVkvkPpSi5wGp","F","Faculty","F","Faculty",2,4,"short"
"354","0DQY6","IH2JiBmfCaYEyVSSikpD","nYqjQlMFQALJJtXK1FJU","M","Faculty","M","EC",2,4,"short"
"355","0DQY6","IH2JiBmfCaYEyVSSikpD","XGV2X06Pw55GCmrLM2k6","M","Faculty","F","EC",2,5,"short"
"356","0DQY6","IH2JiBmfCaYEyVSSikpD","KPWBusIyB7RjFFLDVhJ6","M","Faculty","M","Faculty",2,3,"short"
"357","f2hCj","1jN4e87dG9Grfdfk971X","nYqjQlMFQALJJtXK1FJU","F","Student","M","EC",2,4,"short"
"358","f2hCj","1jN4e87dG9Grfdfk971X","Ai6YWFlBo343dC9Xk5RI","F","Student","M","Faculty",1,3,"short"
"359","f2hCj","1jN4e87dG9Grfdfk971X","v0Odj3cdqnJu2cxoc1cl","F","Student","F","Faculty",3,4,"short"
"360","hVUeH","2aLSC2KabMDCTMCGh898","GBj8sr66GVCH7OfeaWEm","M","Faculty","M","Faculty",0,4,"short"
"361","hVUeH","2aLSC2KabMDCTMCGh898","6M7y1lDX33NTXur5rUXc","M","Faculty","","EC",1,3,"short"
"362","hVUeH","2aLSC2KabMDCTMCGh898","yo1QG9NsYC85I9mXRFnC","M","Faculty","M","Faculty",3,5,"short"
"363","M8299","gtXBC0B5Tgh4mb5r8vMb","1xmoXU3Xx5EUUUy4gLlh","M","Faculty","M","EC",2,3,"short"
"364","M8299","gtXBC0B5Tgh4mb5r8vMb","6M7y1lDX33NTXur5rUXc","M","Faculty","","EC",3,5,"short"
"365","M8299","gtXBC0B5Tgh4mb5r8vMb","j0jlophk6QojQQbBakTQ","M","Faculty","F","EC",1,5,"short"
"366","YPHW0","h5pRViS3eJ2EDkr9cXs7","qW4HHJ9A828BBT01G4rE","F","Faculty","M","Faculty",2,4,"long"
"367","YPHW0","h5pRViS3eJ2EDkr9cXs7","6M7y1lDX33NTXur5rUXc","F","Faculty","","EC",0,5,"long"
"368","YPHW0","h5pRViS3eJ2EDkr9cXs7","RGRMSseXJJ8q7r727nc0","F","Faculty","F","Faculty",1,3,"long"
"369","7ITvY","vLg9gLPY2mR1ay3OVpwh","m9JKGihepD7Hen2hevHk","M","Faculty","M","Faculty",1,4,"short"
"370","7ITvY","vLg9gLPY2mR1ay3OVpwh","9ybgS30ddh23AFRoTJHh","M","Faculty","F","Student",0,3,"short"
"371","7ITvY","vLg9gLPY2mR1ay3OVpwh","tW2K2NkQLKbvQXgppQKY","M","Faculty","F","EC",2,4,"short"
"372","7ITvY","vLg9gLPY2mR1ay3OVpwh","6M7y1lDX33NTXur5rUXc","M","Faculty","","EC",1,4,"short"
"373","A23Jl","87UkVSgqktmFrdXE89Jn","5kTf5dhAmQ0PvbdXGa3c","M","EC","M","Faculty",2,3,"short"
"374","A23Jl","87UkVSgqktmFrdXE89Jn","PBD1huuPvTl8MxBdXs24","M","EC","M","Faculty",3,5,"short"
"375","A23Jl","87UkVSgqktmFrdXE89Jn","IRc34fKPoTCKhhVrbqS6","M","EC","M","Faculty",2,5,"short"
"376","doPPL","qUgKKcM0eYfTM1biwKe8","TvwgTNfvkB0FHgYAkTr9","F","EC","F","Faculty",3,4,"short"
"377","doPPL","qUgKKcM0eYfTM1biwKe8","BiMUu983jVnMoilBSLHv","F","EC","M","Faculty",2,4,"short"
"378","doPPL","qUgKKcM0eYfTM1biwKe8","SdwjFuy7aG5RuNxqOgxt","F","EC","F","EC",2,4,"short"
"379","l5dtm","gQxmEU2b2cq30uDuxsBW","hJFN5jbVgh7k5Q5UJjAP","F","EC","F","EC",1,4,"short"
"380","l5dtm","gQxmEU2b2cq30uDuxsBW","r6ro2F5hudBBv3Sc371o","F","EC","M","EC",1,5,"short"
"381","l5dtm","gQxmEU2b2cq30uDuxsBW","ae3oNPanfWQl3BgdYsta","F","EC","M","Faculty",1,5,"short"
"382","HqkxM","tjloqv6JowU1Y7wXeOUI","9UxeetTUuRwhFwRCkOcb","F","Student","F","EC",2,3,"short"
"383","HqkxM","tjloqv6JowU1Y7wXeOUI","6M7y1lDX33NTXur5rUXc","F","Student","","EC",3,4,"short"
"384","RMkC6","AiNVW7XIkbkqc2MLCOcQ","6M7y1lDX33NTXur5rUXc","M","Faculty","","EC",3,4,"short"
"385","RMkC6","AiNVW7XIkbkqc2MLCOcQ","lRS8nDkrAsjOUE26PLsN","M","Faculty","M","Faculty",3,4,"short"
"386","kGBNV","k5hrJYxCw2DDV3yD2N3y","wnDkE08tOtJEDNTa5qa2","M","Faculty","F","Faculty",3,3,"short"
"387","kGBNV","k5hrJYxCw2DDV3yD2N3y","6M7y1lDX33NTXur5rUXc","M","Faculty","","EC",0,4,"short"
"388","QGrM8","PiKC92OrPHFlY9oG2rUw","j2EHf3LFOhaqDNyfbeoJ","M","Faculty","M","Faculty",2,4,"short"
"389","QGrM8","PiKC92OrPHFlY9oG2rUw","3gEYg62tLAJ0t8tJ4uQX","M","Faculty","F","Faculty",1,3,"short"
"390","QGrM8","PiKC92OrPHFlY9oG2rUw","6M7y1lDX33NTXur5rUXc","M","Faculty","","EC",2,3,"short"
"391","yAlOA","yeO1qJ2rbH77lNLSAgQH","vi6X4pA4uuUDOKfjXmJW","M","Faculty","M","Faculty",3,4,"short"
"392","yAlOA","yeO1qJ2rbH77lNLSAgQH","g94kUfKKpNqtmQ0OGp6a","M","Faculty","M","Faculty",3,3,"short"
"393","yAlOA","yeO1qJ2rbH77lNLSAgQH","LdkvudHaxHNTqNFB8OCf","M","Faculty","M","Faculty",1,4,"short"
"394","YBuJh","d2FWkwshNu4YB8gITTpC","VK5D5ydMPCYe9VbGBHQR","M","Student","F","Faculty",2,3,"short"
"395","YBuJh","d2FWkwshNu4YB8gITTpC","4hVeBd1CcAKrYiRGBacb","M","Student","M","Student",0,3,"short"
"396","YBuJh","d2FWkwshNu4YB8gITTpC","jm4BSRAiyrGHEoFAAJ3F","M","Student","M","Student",2,4,"short"
"397","gFEoA","7jUl3i326YQJaqbyjWeQ","uQAl1cAj9GAxNpbsWPQH","F","Faculty","F","Faculty",3,4,"short"
"398","gFEoA","7jUl3i326YQJaqbyjWeQ","tW2K2NkQLKbvQXgppQKY","F","Faculty","F","EC",1,3,"short"
"399","gFEoA","7jUl3i326YQJaqbyjWeQ","6M7y1lDX33NTXur5rUXc","F","Faculty","","EC",3,4,"short"
"400","nkLL2","LjRnFFmbQREKKCbfdSOH","apP7rXSnNyHANUgW77NN","F","EC","M","Faculty",1,4,"short"
"401","nkLL2","LjRnFFmbQREKKCbfdSOH","lgbkJxfIbvFvKpKyU9vc","F","EC","M","Faculty",2,3,"short"
"402","nkLL2","LjRnFFmbQREKKCbfdSOH","w5FQKqPebHTHV3xDny5p","F","EC","M","EC",1,5,"short"
"403","OSAoc","KXx53f9sJijEvPqw6JB0","duq3c9T6iQeVGxV4nqR8","M","Student","M","Faculty",2,4,"short"
"404","OSAoc","KXx53f9sJijEvPqw6JB0","EaK0EwiEmxlQiw6rWyH4","M","Student","M","Faculty",2,4,"short"
"405","OSAoc","KXx53f9sJijEvPqw6JB0","LdkvudHaxHNTqNFB8OCf","M","Student","M","Faculty",2,4,"short"
"406","1uu0P","CogJ6xSrmmLCwHD0klS4","QsbB1cgjjqHFIbUTc6mm","F","EC","F","Student",2,3,"short"
"407","1uu0P","CogJ6xSrmmLCwHD0klS4","itpp5idVI0lL0DaGOmUa","F","EC","F","Student",2,3,"short"
"408","1uu0P","CogJ6xSrmmLCwHD0klS4","uUP33FxqPMQxwEYB4Dul","F","EC","F","Student",2,4,"short"
"409","YUUfD","TS8wjAejIAEUGbyIsD6d","5kTf5dhAmQ0PvbdXGa3c","M","Faculty","M","Faculty",2,3,"short"
"410","YUUfD","TS8wjAejIAEUGbyIsD6d","NDLkDGDUiYiiRg238uEv","M","Faculty","F","EC",2,4,"short"
"411","YUUfD","TS8wjAejIAEUGbyIsD6d","UlSJBv9EMPshlixEkMtg","M","Faculty","M","Faculty",2,3,"short"
"412","27K4x","CvufGlUcyCOCMC3MFyQg","IdwEr74bPM6VmANi0WBe","F","Faculty","M","Faculty",0,2,"long"
"413","27K4x","CvufGlUcyCOCMC3MFyQg","9dE1l21C8LWQf0414u8J","F","Faculty","M","Faculty",2,4,"long"
"414","A3WLO","fbDjVqUgN0I3XsdBqo2j","sO2h1hE6afhGuXxgi7sA","F","Student","M","Faculty",2,5,"short"
"415","A3WLO","fbDjVqUgN0I3XsdBqo2j","6M7y1lDX33NTXur5rUXc","F","Student","","EC",1,4,"short"
"416","A3WLO","fbDjVqUgN0I3XsdBqo2j","SmmXSKDxrUoUkFuooPDJ","F","Student","F","Faculty",1,4,"short"
"417","UT5Pg","d6SqIlV9tRo4SdoA9RdS","uh1OJu6cdI9VhPuMos7L","M","EC","M","Faculty",2,4,"short"
"418","UT5Pg","d6SqIlV9tRo4SdoA9RdS","UTKDWoHEJlGKfEqGD8up","M","EC","M","Student",3,4,"short"
"419","UT5Pg","d6SqIlV9tRo4SdoA9RdS","824ptRA0sbks5pfX4SgW","M","EC","M","Faculty",1,3,"short"
"420","poUW5","iITACwVYBBcA6TvUW4vV","sO2h1hE6afhGuXxgi7sA","M","Faculty","M","Faculty",0,4,"short"
"421","poUW5","iITACwVYBBcA6TvUW4vV","AXdCW0cO3pkS9tiQTbPe","M","Faculty","F","EC",1,4,"short"
"422","poUW5","iITACwVYBBcA6TvUW4vV","Nmp7m2QQnWBI3e3d6a7i","M","Faculty","F","Faculty",3,3,"short"
"423","4R4Ny","d6SqIlV9tRo4SdoA9RdS","4hVeBd1CcAKrYiRGBacb","M","EC","M","Student",1,5,"short"
"424","4R4Ny","d6SqIlV9tRo4SdoA9RdS","6DnlbMSp1spxgMgiCyTt","M","EC","F","EC",2,4,"short"
"425","4R4Ny","d6SqIlV9tRo4SdoA9RdS","FPumUgGia02VwAclXwKn","M","EC","F","Faculty",2,4,"short"
"426","Qtgbj","p1QdQJqlvv5wsvuGMeGL","mueb7UBIVqjXqxPAbBkb","M","EC","M","EC",2,4,"short"
"427","Qtgbj","p1QdQJqlvv5wsvuGMeGL","dDnpoxavLOMBjerUKmc8","M","EC","M","Faculty",2,3,"short"
"428","HngLw","f70y7O0NWtKKfKJO0g98","IdwEr74bPM6VmANi0WBe","F","EC","M","Faculty",3,4,"short"
"429","HngLw","f70y7O0NWtKKfKJO0g98","fJvvUePkDAR832kGPp3l","F","EC","M","Faculty",3,4,"short"
"430","d5X1p","lgdK8XJ7xthOkP0jVbBI","Y0oCNTNJCYbAh3EO46o4","F","Faculty","F","Faculty",1,4,"long"
"431","d5X1p","lgdK8XJ7xthOkP0jVbBI","GdD2sKr4OjRj3IOObsqt","F","Faculty","M","Faculty",3,4,"long"
"432","d5X1p","lgdK8XJ7xthOkP0jVbBI","SdwjFuy7aG5RuNxqOgxt","F","Faculty","F","EC",0,3,"long"
"433","HYodW","YlMcELbAikkcfI7LY7n1","XpQPr7rXPviwETtXDCop","M","Faculty","M","Student",2,4,"short"
"434","HYodW","YlMcELbAikkcfI7LY7n1","FsilVw2RTYcpwU0v7RnU","M","Faculty","M","Faculty",3,4,"I really enjoyed reading this abstract. It addresses very relevant issues in the study of language evolution and presents very interesting results. More details about methods would have made the submission even stronger, but I'm aware of the length limitations the authors had to deal with. Otherwise I have no major commentaries. The abstract is of high scientific level and it is relevant to the conference aims. I recommend this abstract for consideration for the Current Trends in Language Evolution Series."
"435","HYodW","YlMcELbAikkcfI7LY7n1","PkbBOttnorCRPfJVJdFR","M","Faculty","M","Faculty",3,4,"short"
"436","JfKGg","pMrKSK88H4y5FmkYmWQD","nYqjQlMFQALJJtXK1FJU","M","Student","M","EC",3,5,"short"
"437","JfKGg","pMrKSK88H4y5FmkYmWQD","85lMOgG2qDjBWEgKGPYf","M","Student","F","Faculty",3,4,"short"
"438","JfKGg","pMrKSK88H4y5FmkYmWQD","FYVSgkicib0RGSO91JyL","M","Student","M","Faculty",2,5,"short"
"439","bFBEL","AFHkC3GQEEw4jOcVvXP6","Cg2eKwG8FL1clD8xcXjg","M","Faculty","M","Student",2,3,"short"
"440","bFBEL","AFHkC3GQEEw4jOcVvXP6","tUEC3QoPVYEixTYMHWWe","M","Faculty","M","Faculty",1,4,"short"
"441","bFBEL","AFHkC3GQEEw4jOcVvXP6","DMJfsA4vNg6gneVjsJsi","M","Faculty","F","Faculty",3,5,"short"
"442","JoEg3","DMg7N2dqDGtLirfbKp4e","FW6oAYKc8AEDDsh8A3Sk","M","Student","M","Student",1,4,"long"
"443","JoEg3","DMg7N2dqDGtLirfbKp4e","FsilVw2RTYcpwU0v7RnU","M","Student","M","Faculty",2,4,"long"
"444","VqNq0","UkQOSycGHiK4yvjIoOjb","UnoWpTLOSPapf4Kngxba","F","Faculty","F","Faculty",3,4,"short"
"445","VqNq0","UkQOSycGHiK4yvjIoOjb","jf9FWJBIimBDrIYndDsw","F","Faculty","F","Faculty",1,4,"short"
"446","VqNq0","UkQOSycGHiK4yvjIoOjb","uvAb4Uj92VMh8UHiHG3p","F","Faculty","M","Faculty",3,3,"short"
"447","b9qUf","EfA1p7LT8epDYiYPkTYD","nYqjQlMFQALJJtXK1FJU","F","Student","M","EC",1,4,"short"
"448","b9qUf","EfA1p7LT8epDYiYPkTYD","c34S4NQy93tyTdup8I14","F","Student","M","Faculty",1,4,"short"
"449","b9qUf","EfA1p7LT8epDYiYPkTYD","pgWpLsnykbLMUnHDdkL4","F","Student","M","Faculty",1,4,"short"
"450","jw4lb","MDF9u6c1XSGuL5OGbHXb","TbI5myuegRqVP1fGrNFW","M","Student","M","EC",2,5,"short"
"451","jw4lb","MDF9u6c1XSGuL5OGbHXb","UnoWpTLOSPapf4Kngxba","M","Student","F","Faculty",0,4,"short"
"452","jw4lb","MDF9u6c1XSGuL5OGbHXb","4k4SmCusqsrMscOrLHdW","M","Student","M","Student",2,3,"short"
"453","gxCPT","4rePfUqr8yXFdJlcnVKu","R2rIXa2mPBRyPX2RH6Vy","M","Faculty","M","EC",0,3,"short"
"454","gxCPT","4rePfUqr8yXFdJlcnVKu","jGimnPs8bORMSHLKeW4j","M","Faculty","M","Faculty",1,3,"short"
"455","gxCPT","4rePfUqr8yXFdJlcnVKu","6M7y1lDX33NTXur5rUXc","M","Faculty","","EC",0,3,"short"
"456","AMOr3","tkHKLiyjm9JGTGfBhJDU","nYqjQlMFQALJJtXK1FJU","F","Faculty","M","EC",2,5,"short"
"457","AMOr3","tkHKLiyjm9JGTGfBhJDU","miwcveDCVkvkPpSi5wGp","F","Faculty","F","Faculty",2,4,"short"
"458","t3f1X","JnlatXJatv4fkCHqunbe","7Otagk5chb68hvLDxiQk","F","Faculty","M","Faculty",3,3,"short"
"459","t3f1X","JnlatXJatv4fkCHqunbe","jf9FWJBIimBDrIYndDsw","F","Faculty","F","Faculty",0,4,"short"
"460","t3f1X","JnlatXJatv4fkCHqunbe","6M7y1lDX33NTXur5rUXc","F","Faculty","","EC",1,4,"short"
"461","aF503","djCFn331ES1BYqo9SEOl","j2EHf3LFOhaqDNyfbeoJ","M","Student","M","Faculty",1,4,"short"
"462","aF503","djCFn331ES1BYqo9SEOl","yCb3YJWP44BqxqhmjmQN","M","Student","F","Faculty",2,4,"short"
"463","aF503","djCFn331ES1BYqo9SEOl","uRkPS5xYpwlINJDK96sB","M","Student","M","Faculty",2,4,"short"
"464","dQdkl","NF4xh3oAIhrasq2D1UDV","nYqjQlMFQALJJtXK1FJU","M","Faculty","M","EC",2,4,"short"
"465","dQdkl","NF4xh3oAIhrasq2D1UDV","tvylQM2M6CXTaN2sSfXs","M","Faculty","F","Faculty",2,4,"short"
"466","dQdkl","NF4xh3oAIhrasq2D1UDV","WAj26CqE7dTLy23vJrV6","M","Faculty","M","EC",3,5,"short"
"467","mv2m4","l7rBncXwaqGuK2j3aEfk","w6bUO6cI3JAGoyh3hv4p","M","Faculty","F","EC",2,3,"short"
"468","mv2m4","l7rBncXwaqGuK2j3aEfk","V64vXMpKffCBO8hvpy2M","M","Faculty","M","Faculty",3,4,"short"
"469","mv2m4","l7rBncXwaqGuK2j3aEfk","PkbBOttnorCRPfJVJdFR","M","Faculty","M","Faculty",1,4,"short"
"470","yjgfq","fwKrGdTwOD72lt63aNS6","g3iM8ctf7kPSd1SlgJI7","M","Faculty","M","Faculty",0,4,"short"
"471","yjgfq","fwKrGdTwOD72lt63aNS6","duq3c9T6iQeVGxV4nqR8","M","Faculty","M","Faculty",0,2,"short"
"472","yjgfq","fwKrGdTwOD72lt63aNS6","orDJudqJLNa8uUpwaGc5","M","Faculty","M","Faculty",2,4,"short"
"473","cY0cy","0YLmdiMjQexPwTkdY9lV","itpp5idVI0lL0DaGOmUa","F","Student","F","Student",2,3,"short"
"474","cY0cy","0YLmdiMjQexPwTkdY9lV","dulPo2kdHOsFrLC5Aceg","F","Student","F","Faculty",3,4,"short"
"475","cY0cy","0YLmdiMjQexPwTkdY9lV","6M7y1lDX33NTXur5rUXc","F","Student","","EC",2,4,"short"
"476","unbSs","Q2Trwp6HVf0B7gvUaLlC","PBD1huuPvTl8MxBdXs24","M","Faculty","M","Faculty",2,4,"short"
"477","unbSs","Q2Trwp6HVf0B7gvUaLlC","F18HuCjVAMOkYQOirUns","M","Faculty","M","Faculty",1,3,"short"
"478","tXvOa","7RfXo4nU3UGCjVqMnbU7","AXdCW0cO3pkS9tiQTbPe","M","Faculty","F","EC",1,4,"long"
"479","tXvOa","7RfXo4nU3UGCjVqMnbU7","tUEC3QoPVYEixTYMHWWe","M","Faculty","M","Faculty",2,4,"long"
"480","DCUEs","Im3j68B3aUJSqdWXfHr3","dcPWH7OiOb0TXEebDyYy","M","Faculty","M","Student",0,5,"short"
"481","DCUEs","Im3j68B3aUJSqdWXfHr3","L73TrC60hxlno1TwHGay","M","Faculty","M","Faculty",3,5,"short"
"482","DCUEs","Im3j68B3aUJSqdWXfHr3","tw0SofsejkO0h4SNq9tk","M","Faculty","M","Faculty",2,3,"short"
"483","3oRPD","mSQ8I0OTtydhRcAbGNbP","jKoo2yS1hA7N4liko2cK","M","EC","F","EC",2,2,"short"
"484","3oRPD","mSQ8I0OTtydhRcAbGNbP","5ORt4GTGIV4MpQ8SD26C","M","EC","M","Faculty",2,4,"short"
"485","3oRPD","mSQ8I0OTtydhRcAbGNbP","3rTXjEEbU32iEdxB37Le","M","EC","M","EC",1,2,"short"
"486","gGEuH","iqi4PUpvgBKHL3rEAOFD","XjJm6nPDMgEIGHVTjTgg","M","Faculty","M","Student",0,3,"short"
"487","gGEuH","iqi4PUpvgBKHL3rEAOFD","qW4HHJ9A828BBT01G4rE","M","Faculty","M","Faculty",2,3,"short"
"488","gGEuH","iqi4PUpvgBKHL3rEAOFD","tUEC3QoPVYEixTYMHWWe","M","Faculty","M","Faculty",0,4,"short"
"489","s5QSD","sq5wd7SpMd6Yj96R2VdM","jKoo2yS1hA7N4liko2cK","M","Student","F","EC",2,5,"short"
"490","s5QSD","sq5wd7SpMd6Yj96R2VdM","FsilVw2RTYcpwU0v7RnU","M","Student","M","Faculty",2,4,"short"
"491","s5QSD","sq5wd7SpMd6Yj96R2VdM","8esgKXW12Cg7vSVbdqCR","M","Student","M","Student",1,3,"short"
"492","HosGU","4MuEppyQe8bj3Py9PWdF","wxgJ2tkd8LOBMjqbifSD","M","Faculty","M","Faculty",3,3,"short"
"493","HosGU","4MuEppyQe8bj3Py9PWdF","FW6oAYKc8AEDDsh8A3Sk","M","Faculty","M","Student",2,3,"short"
"494","3dhhc","br8r3I0LMFypEN96S5Qw","lgbkJxfIbvFvKpKyU9vc","M","Student","M","Faculty",1,3,"short"
"495","3dhhc","br8r3I0LMFypEN96S5Qw","8MDVKW3m8cSGQs5OEJ1B","M","Student","M","Student",1,4,"short"
"496","3dhhc","br8r3I0LMFypEN96S5Qw","KejCV2DbT0kQhFB0Y5ft","M","Student","F","Faculty",2,3,"short"
"497","cNKGo","wkC3bBTxi3oiCtfpcE2C","oTCK8VRmycEJnPtNCB6P","M","Faculty","M","Student",2,2,"short"
"498","cNKGo","wkC3bBTxi3oiCtfpcE2C","e4w418RBEpOb77YvnQmJ","M","Faculty","F","Student",2,3,"short"
"499","cNKGo","wkC3bBTxi3oiCtfpcE2C","BiMUu983jVnMoilBSLHv","M","Faculty","M","Faculty",1,3,"short"
"500","E83S4","Oli3luKAcKcMrLb6kX5u","w45LPHHoNvrVMvkGKtHk","F","EC","F","Student",3,3,"short"
"501","E83S4","Oli3luKAcKcMrLb6kX5u","wl2uWi8csW4J9ELntqgp","F","EC","F","Faculty",2,4,"short"
"502","E83S4","Oli3luKAcKcMrLb6kX5u","6M7y1lDX33NTXur5rUXc","F","EC","","EC",2,4,"short"
"503","g1Rw3","TI9mr19qnYUqSIxcGg9M","5ORt4GTGIV4MpQ8SD26C","M","Student","M","Faculty",3,4,"short"
"504","g1Rw3","TI9mr19qnYUqSIxcGg9M","tw0SofsejkO0h4SNq9tk","M","Student","M","Faculty",2,4,"short"
"505","g1Rw3","TI9mr19qnYUqSIxcGg9M","DMJfsA4vNg6gneVjsJsi","M","Student","F","Faculty",3,5,"short"
"506","9tdws","M9PHoPnN4fEuQ4FsU4an","NDLkDGDUiYiiRg238uEv","M","Faculty","F","EC",2,5,"long"
"507","9tdws","M9PHoPnN4fEuQ4FsU4an","9t9898LUeO0lbFGxjjpL","M","Faculty","M","Faculty",2,3,"long"
"508","9tdws","M9PHoPnN4fEuQ4FsU4an","7OItYosEfqe5C3aScjjl","M","Faculty","M","Faculty",3,5,"long"
"509","QLU5E","nVhVqS5CW1nh18fUtwt5","hJFN5jbVgh7k5Q5UJjAP","F","Student","F","EC",1,4,"short"
"510","QLU5E","nVhVqS5CW1nh18fUtwt5","m9JKGihepD7Hen2hevHk","F","Student","M","Faculty",2,4,"short"
"511","QLU5E","nVhVqS5CW1nh18fUtwt5","i4luOtPKEMIFHE35BUVI","F","Student","F","Faculty",0,4,"short"
"512","YSiIH","o6N4RVVeJLRxn7Cf2DPB","9t9898LUeO0lbFGxjjpL","F","Student","M","Faculty",2,4,"short"
"513","YSiIH","o6N4RVVeJLRxn7Cf2DPB","lRS8nDkrAsjOUE26PLsN","F","Student","M","Faculty",2,3,"short"
"514","YSiIH","o6N4RVVeJLRxn7Cf2DPB","MKynLvRFqaX98KQuDyfa","F","Student","M","Faculty",3,4,"short"
"515","KHjaO","rrOJcQ1fAHbJcVqTDxG2","uh1OJu6cdI9VhPuMos7L","F","EC","M","Faculty",3,4,"short"
"516","KHjaO","rrOJcQ1fAHbJcVqTDxG2","o4c4Vs3cSogrNjYfq3Di","F","EC","M","EC",1,4,"short"
"517","KHjaO","rrOJcQ1fAHbJcVqTDxG2","jm4BSRAiyrGHEoFAAJ3F","F","EC","M","Student",0,4,"short"
"518","0cyWH","Ai3sAPfqdHCut0yBv1px","e4w418RBEpOb77YvnQmJ","M","Faculty","F","Student",2,2,"long"
"519","0cyWH","Ai3sAPfqdHCut0yBv1px","7ujDdqkBpFYWPH1lf4Xc","M","Faculty","F","Faculty",2,4,"long"
"520","0cyWH","Ai3sAPfqdHCut0yBv1px","6M7y1lDX33NTXur5rUXc","M","Faculty","","EC",1,2,"long"
"521","I3P0G","cT9T6y7gIMgm2Ycl0QLc","6M7y1lDX33NTXur5rUXc","F","Student","","EC",0,5,"short"
"522","I3P0G","cT9T6y7gIMgm2Ycl0QLc","iQjbVGD4V8j42a7mdbKu","F","Student","M","Faculty",3,5,"short"
"523","KlgjX","V8yy7QO88fdeBb0eH5F6","9VA3lbBoUdgvNQkc4X85","M","Student","M","Faculty",2,3,"short"
"524","KlgjX","V8yy7QO88fdeBb0eH5F6","cr5iUuWUeXOLahKIgIJr","M","Student","M","EC",3,4,"short"
"525","KrRoX","52C1cimLtJllNsVwRgqR","8QfP0OL9kj1m6ufuxstu","F","Faculty","F","Faculty",2,4,"short"
"526","KrRoX","52C1cimLtJllNsVwRgqR","orDJudqJLNa8uUpwaGc5","F","Faculty","M","Faculty",1,4,"short"
"527","KrRoX","52C1cimLtJllNsVwRgqR","KejCV2DbT0kQhFB0Y5ft","F","Faculty","F","Faculty",3,3,"short"
"528","k2PTq","EJGlVs9R4JBmiyfuSBHp","uQAl1cAj9GAxNpbsWPQH","F","Faculty","F","Faculty",3,4,"short"
"529","k2PTq","EJGlVs9R4JBmiyfuSBHp","jf9FWJBIimBDrIYndDsw","F","Faculty","F","Faculty",3,5,"short"
"530","k2PTq","EJGlVs9R4JBmiyfuSBHp","otum2peuHaXmbuBGsh5U","F","Faculty","F","Faculty",2,3,"short"
"531","WGSIS","bxvYFNWLdRCbkbFnhLcA","T9be2xluJw6Tu9MaAsNF","M","Faculty","M","Student",2,5,"short"
"532","WGSIS","bxvYFNWLdRCbkbFnhLcA","vFmY6by101l1LNHPW8up","M","Faculty","M","Faculty",2,5,"short"
"533","fd3qU","wGnw5F2eaRA4Ly7Lthfn","FW6oAYKc8AEDDsh8A3Sk","M","Faculty","M","Student",1,5,"short"
"534","fd3qU","wGnw5F2eaRA4Ly7Lthfn","t8DrqaTgY64JnCcyGWkT","M","Faculty","M","Faculty",3,4,"short"
"535","oHCXU","MDF9u6c1XSGuL5OGbHXb","nLuLLS5d42YUpDly2dqv","M","Student","M","EC",1,3,"short"
"536","oHCXU","MDF9u6c1XSGuL5OGbHXb","ERFLjdeBm6jA8APhBedp","M","Student","F","EC",2,4,"short"
"537","oHCXU","MDF9u6c1XSGuL5OGbHXb","VK5D5ydMPCYe9VbGBHQR","M","Student","F","Faculty",3,5,"short"
"538","nclFa","d2HrK1JyqWaituUTB0EI","qW4HHJ9A828BBT01G4rE","M","Faculty","M","Faculty",1,4,"short"
"539","nclFa","d2HrK1JyqWaituUTB0EI","dDnpoxavLOMBjerUKmc8","M","Faculty","M","Faculty",2,3,"short"
"540","nclFa","d2HrK1JyqWaituUTB0EI","F18HuCjVAMOkYQOirUns","M","Faculty","M","Faculty",2,4,"short"
"541","qdJSP","bJOYgoqsaJsP1OrpkvbI","y88qBv68RKalscFUsMOE","M","EC","M","EC",1,4,"short"
"542","qdJSP","bJOYgoqsaJsP1OrpkvbI","pk86sb6wvNQlN16oWJgF","M","EC","F","EC",3,3,"short"
"543","qdJSP","bJOYgoqsaJsP1OrpkvbI","jm4BSRAiyrGHEoFAAJ3F","M","EC","M","Student",0,4,"short"
"544","uprVE","NCIHifuIwdN5HjWUm1Bk","hJFN5jbVgh7k5Q5UJjAP","F","Faculty","F","EC",1,4,"short"
"545","uprVE","NCIHifuIwdN5HjWUm1Bk","StiK3jq1GtE6jPayOySd","F","Faculty","F","Student",2,4,"short"
"546","uprVE","NCIHifuIwdN5HjWUm1Bk","Nmp7m2QQnWBI3e3d6a7i","F","Faculty","F","Faculty",3,3,"short"
"547","ggLn2","Bq4n7poYyMnXBQ8dyaCG","QsbB1cgjjqHFIbUTc6mm","F","Faculty","F","Student",1,3,"short"
"548","ggLn2","Bq4n7poYyMnXBQ8dyaCG","KJRiWHUyPB0MuJlIO1IF","F","Faculty","M","Faculty",2,3,"short"
"549","ggLn2","Bq4n7poYyMnXBQ8dyaCG","i4luOtPKEMIFHE35BUVI","F","Faculty","F","Faculty",3,4,"short"
"550","H8kJG","W5y7vPIc5EJ2wBi3B6eP","6kn7QLgTkx1J3HgWXWWd","M","Student","M","EC",1,5,"short"
"551","H8kJG","W5y7vPIc5EJ2wBi3B6eP","PBD1huuPvTl8MxBdXs24","M","Student","M","Faculty",0,5,"short"
"552","H8kJG","W5y7vPIc5EJ2wBi3B6eP","WCrldSJAxG9AWnVRB7IN","M","Student","M","EC",2,4,"short"
"553","fY1rF","VJt9SQV6Mdukjg3uqiA0","TDbwKLaDCxstDD2PtcWk","F","Student","F","Faculty",2,4,"short"
"554","fY1rF","VJt9SQV6Mdukjg3uqiA0","yCb3YJWP44BqxqhmjmQN","F","Student","F","Faculty",2,3,"short"
"555","fY1rF","VJt9SQV6Mdukjg3uqiA0","F18HuCjVAMOkYQOirUns","F","Student","M","Faculty",2,5,"short"
"556","UvIGH","iqi4PUpvgBKHL3rEAOFD","nLuLLS5d42YUpDly2dqv","M","Faculty","M","EC",3,3,"short"
"557","UvIGH","iqi4PUpvgBKHL3rEAOFD","ShmauIQjLrwJs0eYmlc0","M","Faculty","M","Faculty",2,3,"short"
"558","UvIGH","iqi4PUpvgBKHL3rEAOFD","UTKDWoHEJlGKfEqGD8up","M","Faculty","M","Student",2,4,"short"
"559","Kqvp4","e5TQka1BAYRkJRN7G1cB","Y0oCNTNJCYbAh3EO46o4","F","Faculty","F","Faculty",1,4,"short"
"560","Kqvp4","e5TQka1BAYRkJRN7G1cB","mynPEEw7CDg9ukgcoyas","F","Faculty","F","Faculty",0,5,"short"
"561","Kqvp4","e5TQka1BAYRkJRN7G1cB","GdD2sKr4OjRj3IOObsqt","F","Faculty","M","Faculty",3,5,"short"
"562","tQqrg","nfthRGp1lhV9oWkfQBHQ","R2rIXa2mPBRyPX2RH6Vy","F","EC","M","EC",3,5,"short"
"563","tQqrg","nfthRGp1lhV9oWkfQBHQ","e4w418RBEpOb77YvnQmJ","F","EC","F","Student",3,4,"short"
"564","tQqrg","nfthRGp1lhV9oWkfQBHQ","oAjpbPqyKqtflk1kaUw2","F","EC","M","Faculty",2,4,"short"
"565","otbTc","IgcGc8GUTGe85xbpjjVa","vi6X4pA4uuUDOKfjXmJW","M","Faculty","M","Faculty",2,4,"short"
"566","otbTc","IgcGc8GUTGe85xbpjjVa","r6ro2F5hudBBv3Sc371o","M","Faculty","M","EC",1,4,"short"
"567","otbTc","IgcGc8GUTGe85xbpjjVa","ug9vrGYRriDRoykuhCtV","M","Faculty","M","Faculty",2,5,"short"
"568","fwaiH","cFmXwUlbgcBwEpGFuTMq","1xmoXU3Xx5EUUUy4gLlh","M","Faculty","M","EC",1,3,"short"
"569","fwaiH","cFmXwUlbgcBwEpGFuTMq","g94kUfKKpNqtmQ0OGp6a","M","Faculty","M","Faculty",1,4,"short"
"570","fwaiH","cFmXwUlbgcBwEpGFuTMq","w5FQKqPebHTHV3xDny5p","M","Faculty","M","EC",0,5,"short"
"571","t2oiq","2WSMKYfYqG85xEU3G7PQ","7Otagk5chb68hvLDxiQk","M","Student","M","Faculty",3,2,"short"
"572","t2oiq","2WSMKYfYqG85xEU3G7PQ","tUEC3QoPVYEixTYMHWWe","M","Student","M","Faculty",1,4,"short"
"573","t2oiq","2WSMKYfYqG85xEU3G7PQ","16vFwmJYGIhkmLX3HHnC","M","Student","F","Faculty",1,3,"short"
"574","95rVh","coghoAMVvu9nmW6j7RIl","sO2h1hE6afhGuXxgi7sA","M","Faculty","M","Faculty",1,4,"long"
"575","95rVh","coghoAMVvu9nmW6j7RIl","MVmn8qCrNFBDQTO4FO6Y","M","Faculty","M","Faculty",1,5,"long"
"576","95rVh","coghoAMVvu9nmW6j7RIl","6M7y1lDX33NTXur5rUXc","M","Faculty","","EC",1,2,"long"
"577","TCCRS","kx5O9SNAIoBVbDWorHGL","MKfbDWLWomI1U7EtFkOs","M","Student","F","Faculty",3,3,"short"
"578","TCCRS","kx5O9SNAIoBVbDWorHGL","wnDkE08tOtJEDNTa5qa2","M","Student","F","Faculty",3,4,"short"
"579","9bvie","Eh5hvF0liByLvCUCo40m","tvylQM2M6CXTaN2sSfXs","M","Faculty","F","Faculty",1,4,"short"
"580","9bvie","Eh5hvF0liByLvCUCo40m","oTCK8VRmycEJnPtNCB6P","M","Faculty","M","Student",3,4,"short"
"581","WvrGg","Ik7ltD2UuLMcuP4Sucok","UnoWpTLOSPapf4Kngxba","M","Faculty","F","Faculty",3,4,"short"
"582","WvrGg","Ik7ltD2UuLMcuP4Sucok","VK5D5ydMPCYe9VbGBHQR","M","Faculty","F","Faculty",3,5,"short"
"583","ML5mk","Ik7ltD2UuLMcuP4Sucok","nYqjQlMFQALJJtXK1FJU","M","Faculty","M","EC",1,5,"short"
"584","ML5mk","Ik7ltD2UuLMcuP4Sucok","jf9FWJBIimBDrIYndDsw","M","Faculty","F","Faculty",0,4,"short"
"585","ML5mk","Ik7ltD2UuLMcuP4Sucok","6M7y1lDX33NTXur5rUXc","M","Faculty","","EC",0,3,"short"
"586","P086h","Tn0UVBuitVq3vf1F3LOB","KPWBusIyB7RjFFLDVhJ6","M","Faculty","M","Faculty",3,5,"short"
"587","P086h","Tn0UVBuitVq3vf1F3LOB","uS2rxrfrRvXMo3K33uuI","M","Faculty","M","Faculty",2,4,"short"
"588","P086h","Tn0UVBuitVq3vf1F3LOB","LdkvudHaxHNTqNFB8OCf","M","Faculty","M","Faculty",1,4,"short"
"589","SgHDn","MgdiAwHkCvkVfV5G7GNf","nYqjQlMFQALJJtXK1FJU","M","Faculty","M","EC",2,5,"short"
"590","SgHDn","MgdiAwHkCvkVfV5G7GNf","oTCK8VRmycEJnPtNCB6P","M","Faculty","M","Student",2,4,"short"
"591","SgHDn","MgdiAwHkCvkVfV5G7GNf","hVQEWHB1e3EAxbLWRy32","M","Faculty","F","Student",2,3,"short"
"592","ylDfC","MwaM3Ll1P6sRAum8SSxe","v29BmcAF12g6wywqxnNO","F","Student","M","Faculty",0,4,"short"
"593","ylDfC","MwaM3Ll1P6sRAum8SSxe","mueb7UBIVqjXqxPAbBkb","F","Student","M","EC",1,4,"short"
"594","ylDfC","MwaM3Ll1P6sRAum8SSxe","bSvFrLbcw0cEbxWQ28fn","F","Student","F","Student",2,4,"short"
"595","5v9En","K8YK4qv4mSP3SKWN0VeG","V64vXMpKffCBO8hvpy2M","M","Faculty","M","Faculty",3,3,"short"
"596","5v9En","K8YK4qv4mSP3SKWN0VeG","bSvFrLbcw0cEbxWQ28fn","M","Faculty","F","Student",1,3,"short"
"597","5v9En","K8YK4qv4mSP3SKWN0VeG","WAj26CqE7dTLy23vJrV6","M","Faculty","M","EC",2,3,"short"
